iteration,beta,position_limit,volatility_threshold,mean_profit,timestamp
1,0.239166,163,12.356292,2677.7815,2026-04-20 23:54:26
2,0.179458,368,4.199699,37.895,2026-04-21 00:06:15
3,0.138315,280,4.714402,58.8472,2026-04-21 00:17:35
4,0.195616,64,11.663985,2738.6498,2026-04-21 00:30:28
5,0.281627,21,14.906539,2141.6643,2026-04-21 00:40:56
6,0.185627,497,3.084796,40.17,2026-04-21 00:49:53
7,0.007896,429,7.798332,1663.262,2026-04-21 00:59:36
8,0.014953,780,5.793256,272.7658,2026-04-21 01:08:45
9,0.028091,502,7.589544,1566.69,2026-04-21 01:18:42
10,0.294986,384,13.319285,2100.6912,2026-04-21 01:28:59
11,0.204412,371,3.15918,26.8,2026-04-21 01:37:57
12,0.282718,459,7.624998,1187.2155,2026-04-21 01:48:14
13,0.005774,200,5.892306,387.6142,2026-04-21 01:57:16
14,0.205296,496,12.998339,2536.3373,2026-04-21 02:07:28
15,0.052836,325,5.186833,143.1738,2026-04-21 02:16:11
16,0.226853,352,5.4953,207.5067,2026-04-21 02:25:09
17,0.170742,44,13.107417,2863.3428,2026-04-21 02:35:08
18,0.135476,328,14.119906,3141.9425,2026-04-21 02:45:23
19,0.218454,275,9.845328,2283.2402,2026-04-21 02:55:23
20,0.156729,770,13.134406,2577.1157,2026-04-21 03:05:49
21,0.001,20,12.796269,2018.6293,2026-04-21 03:16:02
22,0.001,800,15.0,1981.1488,2026-04-21 03:26:14
23,0.001,800,11.048422,1277.0828,2026-04-21 03:36:34
24,0.142479,20,15.0,2674.156,2026-04-21 03:46:40
25,0.15558,800,15.0,2635.5953,2026-04-21 03:57:02
26,0.3,20,11.145765,1942.6367,2026-04-21 04:07:04
27,0.133162,20,12.998163,2597.2228,2026-04-21 04:17:11
28,0.155195,20,15.0,2703.9718,2026-04-21 04:27:22
29,0.112607,20,15.0,2845.38,2026-04-21 04:37:29
30,0.187672,800,15.0,2677.5367,2026-04-21 04:47:51
31,0.145039,20,11.551007,2572.8065,2026-04-21 04:57:59
32,0.103556,20,15.0,2851.8263,2026-04-21 05:08:28
33,0.130223,800,13.624166,2679.1267,2026-04-21 05:18:44
34,0.186901,20,15.0,2460.8608,2026-04-21 05:28:51
35,0.090601,20,15.0,2907.7892,2026-04-21 05:39:07
36,0.091395,800,15.0,3003.2535,2026-04-21 05:49:13
37,0.091452,20,15.0,2880.8765,2026-04-21 05:59:15
38,0.114668,20,13.704868,2803.776,2026-04-21 06:09:34
39,0.092397,800,15.0,2892.1433,2026-04-21 06:19:50
40,0.115028,800,13.684975,2869.7175,2026-04-21 06:29:55
41,0.093851,800,15.0,3165.6413,2026-04-21 06:40:00
42,0.083719,20,15.0,2958.5143,2026-04-21 06:50:21
43,0.087439,800,15.0,3149.915,2026-04-21 07:00:27
44,0.08835,800,15.0,3104.434,2026-04-21 07:10:55
45,0.104242,800,15.0,2894.4837,2026-04-21 07:21:11
46,0.072613,20,15.0,2931.4533,2026-04-21 07:31:33
47,0.119442,20,15.0,2773.64,2026-04-21 07:41:54
48,0.138019,800,10.699186,2373.773,2026-04-21 07:51:49
49,0.098794,800,13.869769,2805.2003,2026-04-21 08:02:10
50,0.061271,20,15.0,3031.0567,2026-04-21 08:12:25
51,0.061584,20,15.0,3065.822,2026-04-21 08:22:41
52,0.063004,800,15.0,2913.6265,2026-04-21 08:33:03
53,0.108478,20,15.0,2879.7782,2026-04-21 08:43:10
54,0.001,20,15.0,2036.03,2026-04-21 08:53:29
55,0.094217,20,13.867343,2858.1667,2026-04-21 09:03:44
56,0.111783,800,15.0,3142.5428,2026-04-21 09:14:10
57,0.111445,800,15.0,2710.2905,2026-04-21 09:25:00
58,0.093596,800,13.856193,3114.6455,2026-04-21 09:35:06
59,0.092647,800,13.83761,2930.2397,2026-04-21 09:45:26
60,0.092405,20,13.840773,2850.717,2026-04-21 09:55:33
61,0.100231,800,15.0,2818.1015,2026-04-21 10:05:41
62,0.092466,20,13.791557,2911.749,2026-04-21 10:15:49
63,0.093551,800,15.0,2967.6028,2026-04-21 10:26:05
64,0.109117,800,12.549414,2928.6065,2026-04-21 10:36:29
65,0.090682,800,13.679418,2845.0095,2026-04-21 10:46:52
66,0.084648,800,15.0,3234.9612,2026-04-21 10:57:09
67,0.106149,20,11.167068,2610.3787,2026-04-21 11:07:13
68,0.3,342,15.0,2203.7197,2026-04-21 11:17:16
69,0.082454,800,13.279372,2777.1278,2026-04-21 11:27:38
70,0.070181,20,15.0,2944.236,2026-04-21 11:37:50
71,0.125178,61,9.811454,2884.2395,2026-04-21 11:47:59
72,0.132905,800,9.439375,2185.8032,2026-04-21 11:58:10
73,0.174421,800,11.67948,2325.3222,2026-04-21 12:08:12
74,0.070313,20,15.0,2982.8612,2026-04-21 12:18:25
75,0.092097,64,12.059409,3231.785,2026-04-21 12:28:29
76,0.084477,20,11.997819,2839.6908,2026-04-21 12:38:36
77,0.083231,20,12.04663,2749.5637,2026-04-21 12:48:58
78,0.073192,20,13.493857,2965.992,2026-04-21 12:59:11
79,0.3,347,3.0,37.655,2026-04-21 13:07:53
80,0.067564,279,15.0,3431.6413,2026-04-21 13:18:05
81,0.233086,260,14.981725,2734.0555,2026-04-21 13:28:28
82,0.076709,222,10.658208,3007.0107,2026-04-21 13:38:39
83,0.073796,676,10.792141,2566.37,2026-04-21 13:48:48
84,0.223662,155,14.996653,2823.5045,2026-04-21 13:59:04
85,0.061924,724,13.050845,3156.1557,2026-04-21 14:09:06
86,0.059658,753,13.133812,2976.299,2026-04-21 14:19:16
87,0.051568,25,14.909478,3225.0392,2026-04-21 14:29:29
88,0.054194,289,14.958652,3634.9775,2026-04-21 14:39:47
89,0.238829,588,12.767188,2421.6115,2026-04-21 14:49:55
90,0.044385,459,14.992415,3433.701,2026-04-21 15:00:10
91,0.045223,294,14.98747,3776.4803,2026-04-21 15:10:34
92,0.083317,420,15.0,3448.9983,2026-04-21 15:21:08
93,0.082926,419,15.0,3285.4465,2026-04-21 15:31:19
94,0.082303,399,13.679051,3368.9497,2026-04-21 15:41:23
95,0.082193,420,15.0,3413.3263,2026-04-21 15:51:49
96,0.08205,395,13.461584,3178.112,2026-04-21 16:02:06
97,0.080745,422,15.0,3312.6755,2026-04-21 16:12:23
98,0.3,800,15.0,2152.1363,2026-04-21 16:22:30
99,0.067502,419,15.0,3329.507,2026-04-21 16:32:33
100,0.085534,393,13.097976,3191.2535,2026-04-21 16:43:00
